{
  "project_info": {
    "project_number": "738454917798",
    "project_id": "shoponlinequanao-34f4d",
    "storage_bucket": "shoponlinequanao-34f4d.appspot.com"
  },
  "client": [
    {
      "client_info": {
        "mobilesdk_app_id": "1:738454917798:android:f99cb3aba0704162f8da67",
        "android_client_info": {
          "package_name": "com.qlshopquanaonhom6.shoponline"
        }
      },
      "oauth_client": [
        {
          "client_id": "738454917798-597vnsgvh7r7blcbk5vct5ks9n7r22aq.apps.googleusercontent.com",
          "client_type": 3
        }
      ],
      "api_key": [
        {
          "current_key": "AIzaSyCk_gH41E3PUeiGbjX9-8msQKkXGXimIhk"
        }
      ],
      "services": {
        "appinvite_service": {
          "other_platform_oauth_client": [
            {
              "client_id": "738454917798-597vnsgvh7r7blcbk5vct5ks9n7r22aq.apps.googleusercontent.com",
              "client_type": 3
            }
          ]
        }
      }
    }
  ],
  "configuration_version": "1"
}